{"stats":{"minecraft:crafted":{"minecraft:crafting_table":1,"minecraft:oak_planks":4},"minecraft:used":{"securitycraft:sentry":2,"minecraft:stone":1,"securitycraft:reinforced_cobbled_deepslate_stairs":5,"minecraft:crafting_table":1,"securitycraft:scanner_door_item":1},"minecraft:custom":{"minecraft:jump":15,"minecraft:time_since_rest":7117,"minecraft:leave_game":3,"minecraft:crouch_one_cm":351,"minecraft:play_time":7117,"minecraft:time_since_death":7117,"minecraft:sprint_one_cm":3179,"minecraft:walk_one_cm":6677,"minecraft:sneak_time":1751,"minecraft:total_world_time":7117,"minecraft:fly_one_cm":2617},"minecraft:picked_up":{"minecraft:oak_log":1},"minecraft:mined":{"minecraft:oak_log":1}},"DataVersion":3465}